refind,label,description,class,notes
∅,,,,
1001,ruwa,married couple,hum,
1002,ren̄e,"woman, wife of 1004",hum,
1003,ni'i ren̄e,child of 1002 and 1004,hum,
1004,'ama,"husband of 1002, father of 1003",hum,
1005,maru,uncle of 1003,hum,
1006,'ōnō 'ev'ē voruo',litter place,loc,
1007,ren̄e,close friend of 1003,hum,
1008,voruo',rubbish,inm,
1009,tētē,two babies,hum,
1010,kolo,back of 1007,bdp,
1011,'uvu woqe'enge,tree,inm,
1012,bē,water,inm,depicted reality
1013,wovinqa,coconut shells,inm,depicted reality
1014,dudu n̄ar,nangae leaves,inm,depicted reality
1015,dē,1007 and 1005,hum,depicted reality
1016,gogov,clothes of 1009,inm,
1018,babara,shooting contest,loc,
1019,vus,bows,inm,
1020,wō'iqē,arrows,inm,
1021,dir,"'they'; probably the aunt, uncle and the two babies (1005, 1007, 1015, 1009)",hum,
1022,'ili,chicken egg,inm,
1024,raga,everybody there,hum,
1025,tōo,chickens hatched from 1022,anm,depicted reality
1026,ren̄e,woman looking after the twins (1009),hum,
1027,bēlēl,chicken basket,inm,depicted reality
1028,ge,first one of the twins,anm,
1029,ge,second one of the twins,anm,
1030,'ili,m̄ala eggs,inm,depicted reality
1031,dom,yams,inm,
1032,baka,nambanga tree,inm,
1033,tōo,first one of the chickens,anm,
1034,tōo,second one of the chickens,anm,
1035,gaga,nambanga vine,inm,
1036,aval,the other side,loc,
1037,qaran̄a,gorge,loc,
1038,raga,everybody at home,hum,depicted reality
1039,raga,everybody,hum,
1040,wōm̄ōm̄ō',bush,loc,
1041,naw,sea,loc,
1042,busu,finger of 1029,bdp,
1043,busu,finger of 1028,bdp,
1044,busu,fingers of 1028 and 1029,bdp,
2001,kaka,story to be told,abs,
2002,ruwa,two brothers,hum,
2003,raw,intra-sex pig the two brothers want,anm,
2004,Lēmērig,Lēmērig,loc,
2005,Vatov,Vatov,loc,
2006,Dōl,Dōl,anm,
2007,ZERO,(shell) money the brothers have,inm,
2008,raw,the intra-sex pig the brothers buy,anm,
2009,gidō'ōl,Dōl and the two brothers,hum,
2010,'ēqē',garden,loc,
2011,qe'e,taro,inm,
2012,rōrō',cabbage,inm,
2013,gie,kava,inm,
2014,nim̄ē,house,loc,
2015,n̄ar,canarium nuts,inm,
2016,wig,wig pudding,mss,
2017,'uwam̄ēre,firstborn of the two brothers,hum,
2018,'isim̄ēre,second born of the two brothers,hum,
2019,wōvēre,coconut fibres,inm,
2020,wōbin,penis of 2017,bdp,
2021,'irbē,body of 2017,bdp,
2022,nim̄,toilet,loc,
2023,ma'av,breakfast,mss,
2024,bē,river,loc,
2025,so,name of river,abs,
2026,vus,bow,inm,
2027,wōvinqa,coconut shell,inm,
2028,'an̄a,basket,inm,
2029,bē,water,mss,
2030,mērē,urine,mss,
2031,uvu,tree,inm,
2032,nōgō,changed face of 2006,bdp,
2033,raw,intra-sex pig needed for 2029,inm,
3001,buskat,cat,anm,
3002,gōsuwō,rat,anm,
3003,duru,the cat and the rat,anm,
3004,vunu,island,loc,
3005,nim̄ē,house,loc,
3006,lo,the seaside,loc,
3007,me',reef,loc,
3009,naw,saltwater,mss,
3010,vus,bow,inm,
3011,qē,fishing rod,inm,
3012,bēlēl,basket for fish,inm,
3013,n̄ērē'iē,shore,loc,
3014,'ēqē,garden,loc,
3015,mes,fish cat and rat have caught,inm,
3016,wova'al,pawpaws,inm,
3017,'uvu',pawpaw trees in garden,inm,
3018,'uvu',one of the pawpaw trees,inm,
3019,wēwē,fruits of 3018,inm,
3020,wēwē,only fruit of the pawpaw tree that was ripe,inm,
3021,wulen,fingernails of the rat,bdp,
3022,wō-wōle,fingernails of the cat,bdp,
3023,qe'an,ground under the pawpaw tree (3018),loc,
3024,aval,other side of the pawpaw tree,loc,
3025,gako,stalk of the pawpaw tree,inm,
3026,qoro,hole gnawed by rat into the pawpaw tree,inm,
3027,'aqa,belly of the rat,bdp,
3028,m̄ō',bush,loc,
3029,qaran̄a,hole in the bush,loc,
3030,qi'i,head of the rat,bdp,
3031,gōlō,tail of the rat,bdp,
4001,qono,seagull,anm,
4002,gusuwō,rat,anm,
4003,duruō,seagull and rat,anm,
4004,qoro,river,loc,
4005,woqe'enge,tree,loc,
4006,qoro,hole,loc,
4007,qoro,dry creek,loc,
4008,wēde,rain,mss,
4009,bē,water of the river and the rain,mss,
4010,bē,trunk of the tree with the rat's hole,inm,
4011,lo,seaside,loc,
4012,vemimie,the deep sea,loc,
4013,dōdōmia,rat's thoughts,abs,
4014,sava,something that will help the plan get back to land,abs,
4015,vunuō,"land, shore",loc,
4016,ZERO,turtle,anm,
4017,kolo,turtle's back,bdp,
4018,duru,the turtle and the rat,anm,
4019,n̄erē'iē,the shore where the turtle brings the rat,loc,
4020,nōn,sand / beach at that shore,loc,
4021,wōm̄ōm̄ō',bush,loc,
4022,qoro,hole for the turtle as a thank you,loc,
4023,'an̄sar,two humans,hum,
4024,ge'ew'i,one of the two humans,hum,
4025,vunu,the village,loc,
4026,maranaga,the chief of the village,hum,
4027,sul,the people of the village,hum,
4028,revrev,evening,tme,
4029,nev,fire,mss,
4030,dōdōmia,plan of the seagull to save turtle,abs,
4031,masōgi,time when people are in village cooking turtle,tme,
4032,m̄ēm̄ēlege,things the seagull will wear,inm,
4033,sere-ge,village square,loc,
4034,gaga,vine the turtle is tied up with,inm,
4035,rōrō,news that a turtle dances in the village square,abs,
4036,ZERO,the dance of the turtle,abs,
4037,'ekē,place where fire is lit,loc,
4038,'aqa,belly of the turtle,bdp,
4039,bini,hands of the turtle,bdp,
4040,mē'ēsala,path from village to sea,loc,
4041,di,message seagull wants to convey by dancing,abs,
4042,masōgi,time when seagull stops dancing,tme,
5001,'ama',devouring devil,hum,
5002,'an̄sara,people,hum,
5003,Vunu Lava,Vanua Lava,loc,
5004,'an̄sara,people,hum,
5005,mē'ē,place of the sunrise,loc,
5006,'ōnō,place of sunset,loc,
5007,vunu,village,loc,
5008,dir,they,hum,
5009,tōo,fowl,anm,
5010,qō,pig,anm,
5011,buluk,cow,anm,
5012,vunu,village,loc,
5013,sul,people of the village,hum,
5014,vunuō,village,loc,
5015,ren̄e,woman,hum,
5016,ruwa,"two people, siblings",hum,
5017,'am̄an,man,hum,
5018,nik,you two,hum,depicted reality
5019,nak,canoe,inm,depicted reality
5020,ni-ni'i-k,children of 5017,hum,depicted reality
5021,'aqa-m,big belly of 5015,hum,depicted reality
5022,kamam,us,hum,depicted reality
5023,'aklē-gi,some more people,hum,
5024,nak,canoe,inm,depicted reality
5025,ni'i,small children of 5023,hum,depicted reality
5026,qoro,cave,loc,
5027,m̄ērm̄ēre,twins,hum,
5028,zero,twins and mother,hum,
5029,go,food,inm,
5030,'ēqē,taro garden,loc,
5031,mēdēr,rocks to block the cave,inm,
5032,mēdēr,one rock to block the cave,inm,
5033,mēdēr,another rock,inm,
5034,'owo,brother,hum,depicted reality
5035,kamak,5034 and 5015,hum,depicted reality
5036,vus,bow,inm,depicted reality
5037,mes,fish,anm,
5038,nak,canoe,inm,depicted reality
5039,ge,one of the twins,hum,
5040,so-gi,name of 5039,inm,
5041,ge,other one of the twins,hum,
5042,so-gi,name of 5041,inm,
5044,wo'iqē,arrows,inm,
5045,lo,seaside,loc,
5046,lama,open sea,loc,
5047,n̄ērē'iē,coast,loc,
5048,qorot,noise,inm,depicted reality
5049,nes,song,inm,depicted reality
5050,lan̄,wind,inm,depicted reality
5051,ner,seaoak,inm,depicted reality
5052,mēdēr,rock,inm,
5053,mē'ēm̄ē,door of the cave,inm,
5054,mēdēr,rock,inm,
5055,mēdēr,rock,inm,
5056,es,life of the devil,inm,depicted reality
5057,vōwal,one shot,inm,
5059,vus,bow,inm,
5058,vōwal,one shot,inm,
5060,ma'ava,morning,inm,
5061,qi'i,head of the devil,bdp,
5062,nev,fire,inm,
5063,'irbē,body of the devil,bdp,
5064,gengen,food,inm,
5065,nos,smoke,inm,
5066,tōo,fowl,anm,
5067,qō,pig,anm,
5068,bigbig,meat,inm,
5069,gengen,food,inm,
5070,maranaga,chief,hum,
5071,nak,canoe,inm,
5072,qōtō,basket,inm,
5073,ZERO,people,hum,
5074,mē'ērsa,harbour,loc,
5075,nak,canoe,inm,
5076,nōn,beach,loc,
5077,nak,canoe,inm,
6001,Lemerig,Lemerig,loc,
6002,'an̄sar,people of Lemerig,hum,
6003,me',reef,loc,
6004,vo-von̄odo,sea harvest,inm,
6005,mes,fish,inm,
6006,goto,hermit crab,inm,
6007,wōkalkal,crab,inm,
6008,wōsēs,mussel,inm,
6009,ruwa,a couple,hum,
6010,'an̄sara,one person,hum,
6011,m̄o-gi,house of 6010,loc,
6012,'ēnēs,middle of the night,tme,
6013,nev,fire,mss,
6014,'ekē,place in the deep sea,loc,
6015,masō-gi,the time 6010 notices the reef moving,tme,
6016,naw,saltwater / the sea,mss,
6017,kolo,back of the reef,bdp,
6018,gēdu,the reef and 6010,anm,
6019,vunuō,land (Torres),loc,
6020,dir,they (generic),hum,
6021,maran,daylight,tme,
6022,mē'ērsa,harbour of Hiw,loc,
6023,vunuō,Hiw island,loc,
6024,'an̄sara,person / spirit in the reef,hum,
6025,qōn̄,amount of time to be spent on Hiw island,tme,
6026,kēnē,inland (Hiw island),loc,
6027,'ekē,dry place for 6010 to jump onto,loc,
6028,gengen,food that reef wants 6010 to eat,inm,
6029,'ōnō,place to sleep for 6010 (to be found),loc,
6030,masō-gi,the time when reef calls 6010 to return home,tme,
6031,qiri,today,tme,
6032,qōrqōr,dream 6010 has (that the reef calls him to go back),abs,
6033,'ono,place where reef lied,loc,
6034,qōn̄,two nights they need to get to the harbour,tme,
6035,mē'ērsa,harbour of Lemerig,loc,
6036,masō-gi,time when they get into the harbour,tme,
6037,vō-ruō,two pieces of the reef,anm,
6038,kum̄,the bigger part of the reef,anm,
6039,menre,other piece of the reef,anm,
6040,qōn̄,fifth night 6010 has been missing,tme,
6041,ma'ava,the morning of the fifth night,tme,
6042,qiri,the day of the fifth night,tme,
6043,masō-gi,time for the dances on the fifth night,tme,
6044,lak-laka,the dances on the fifth night,abs,
6045,Vunu Lava,Vanua Lava,loc,
6046,tō,fowl,anm,
6047,ekēnē,the place where the reef gets stuck permanently,loc,
6048,dudu,leaf tree,inm,
6049,nō,clothes made out of leaf tree,inm,
6050,revrev,afternoon,tme,
6051,resdōn̄ar,"special kind of dance, the devil dance",abs,
6052,lak-laka,first dance,abs,
6053,vag-ruō,second dance,abs,
6054,vag-'ōl,third dance,abs,
6055,gengen sir,food for 6010,inm,
6056,kaka,story of how 6010 went to Hiw island with the reef,abs,
6057,kele,another fifth night,tme,
6058,sō-sōgō,the line of 6010,abs,
7001,Wowōt,Wowōt,hum,
7002,m̄eter,m̄eter,hum,
7003,vono,home,loc,
7004,-ruō,7001 and 7002,hum,
7005,dir,they (generic),hum,
7006,vono,village of 7001 (Nos),loc,
7007,vono,village of 7002 (n̄erelan̄tir),loc,
7008,ruwa,a couple,hum,
7010,'ama,father of the baby,hum,
7011,m̄ōgm̄ōglēge,things the father blessed the baby with,abs,
7012,man̄ra,money,mss,
7013,qō,pigs,anm,
7014,so,name of the baby,abs,
7015,vēvē-n,mother of 7001,hum,
7016,dōdōmia,plan of parents for 7001 to be blessed,abs,
7017,nim̄ē,house of 7008,loc,
7018,ren̄e,women (generic),hum,
7019,sara,village square,loc,
7020,dir,they,hum,
7021,'uwō,hill where 7020 stay,loc,
7022,Laln̄e'ak,Laln̄e'ak,loc,
7024,m̄ērm̄ēre,kids playing on the village square,hum,
7025,vēvē,mothers of the kids playing on the village square,hum,
7026,'ama,fathers of the kids playing on the village square,hum,
7027,lu-luwo,adults (mothers and fathers),hum,
7028,ren̄e,woman that stays downwards of the hill,hum,
7029,bur,lamp downhill,inm,
7030,bur,lamps used in village of 7001 (Nos),inm,
7031,-de,our' (adults and their kids),hum,
7032,dō,canarium leaves,inm,
7033,'ir,base of canarium leaf,inm,
7034,'in̄i,juice to make lamps,mss,
7035,'ama,father of 7002,hum,
7036,vēvē,mother of 7002,hum,
7037,duru,mother and father,hum,
7038,nim̄ē,household of 7002,loc,
7039,vo-vo',weaving,abs,
7040,bolo,valuable things in terms of money,abs,
7041,bolo,other valuable things,abs,
7042,lum-lumgav,all the young men,hum,
7043,'aklē,some of the young men,hum,
7044,vulō,moon,inm,
7045,riar,bow and arrow,inm,
7046,bini,arm / hand of 7001,bdp,
7047,bē,river,loc,
7048,vu',tree,inm,
7049,Ban̄lav,Ban̄lav,loc,
7050,Laln̄ē'ak,Laln̄ē'ak,loc,
7051,Qugemel,Qugemel,loc,
7052,Mamles,Mamles,loc,
7053,Kalon,Kalon,loc,
7054,Qesōw,Qesōw,loc,
7055,bē,river,loc,
7056,'irbē,body of 7001,bdp,
7057,mesgi'e,sweat,inm,
7058,n̄ērē,shore (of the river?),loc,
7059,ne',reef,loc,
7060,n̄ērē,shore of 0061,loc,
7062,ve',stones on the ground,inm,
7063,mē'ēsal,path,loc,
7064,'aklē,some of the young men,hum,
7065,'aklē,some of the young men,hum,
7066,'uvu,a stone,inm,
7067,mē'ēm̄ē,door of 7002,inm,
7068,'irbē,body of 7002,bdp,
7069,nōgō,face of 7002,bdp,
7070,nōgō-n,face of 7001,bdp,
7072,kakaka,conversation between 7001 and 7002,abs,
7073,dōdōmia,plan of 7064,abs,
7074,qiri,today (the day 7001 should be killed),tme,
7075,momse,breath of 7001,bdp,
7076,n̄ērē,shore of 0077,loc,
7078,qa-qan̄,wall,inm,
7079,qoro,hole,inm,
7080,ma'avan,morning after 7001's death,tme,
7081,nim̄ē,houses in the village of Nos (7006),inm,
7082,kaka,"story of 7002, 7008 tell 7001",abs,
7083,'ubu-n,grandfather of 7001,hum,
7084,bini,arms of people,bdp,
7085,sē,anything / anyone lost,abs,
7086,sē,someone coming (?),abs,
7087,dōdōmia,tradition of handrubbing when someone / sth is lost,abs,
7088,bini,hand of 7086,bdp,
7089,bini,hand of grandfather,bdp,
7090,n̄ē-n̄ērē-gi,all shores of Vanua Lava,loc,
7091,Lates,Lates,loc,
7092,Mē'ēsarig,Mē'ēsarig,loc,
7094,vu',spirit in grandfather's hands,anm,
7095,sul,everybody,hum,
7096,gidē,we (the people and 7008),hum,
7097,gēnē,pig 7096 take,anm,
7098,gēnē,shell money 7096 take,inm,
7099,ZERO,7097 and 7098,inm,
7100,Bēgorwa'ag,Bēgorwa'ag,loc,
7101,maranag,a chief,hum,
7102,wisma',"k.o. plant, sign of peace",inm,
7103,raga,people of 0093,hum,
7104,maranaga,chief of 7103,hum,
7105,mē'ēsala,way to the body of 7001,abs,
7106,'ekē,"place where 7001 was killed, place of Gek",loc,
7107,qōn̄,four nights (time passed with 7001's body in the hole),tme,
7108,du vog,leafs used to wrap 7001,inm,
7109,lan̄,flies,anm,
7110,woqe'enge,piece of wood to carry 7001,inm,
7111,gamal,grandfather's gamal (men's house),loc,
7112,sava,the instructions of the grandfather as to where to put 7001,abs,
7113,sē,anybody who comes and disturbs grandfather,hum,
7114,kamadu,grandfather and 7001's body,hum,possibly also includes 0001; see connection to 0113
7115,qōn̄,four nights (time grandfather will stay in gamal),tme,
7116,du m̄ēl,m̄ēl leaf,inm,
7117,seg,seg leaf,inm,
7118,man-mana,magic power of song and leaves (?),abs,
7119,nes,song grandfather sings that has magic powers,abs,
7120,'an̄sar,all the spirits of all the hills of the entire area,anm,
7121,n̄ē-n̄ērē,all the hills,loc,
7122,es,the life (force) of 7001,abs,
7123,qōn̄,the fourth night,tme,
7124,di,the act of coming alive,abs,
7125,revrev,evening,tme,
7126,di,morning,tme,
7127,gengen,food,mss,
7128,qōn̄,fifth night,tme,
7129,bē,water,mss,
7130,di,the staying in the room,abs,
7131,qōn̄,time of 7130 (ten nights),tme,
7132,miē,outside of 7111,loc,
7133,duru,grandfather and 7001,hum,see connection to 0114
7134,gengen,only roasted food,mss,
7135,gargar,strict diet for 7133,abs,
7136,qōn̄,time 7001 still stays in gamal (10 nights),tme,
7137,dōdōmia,plan 7001 has to follow when going out,abs,
7138,dir,the people who will do a dance for 7001 to follow,hum,
7139,lak-laka,dance the poeple will do; plan for 7146,abs,depicted reality
7140,rōrō,message that 7001 is alive,abs,
7141,qōn̄,twelfth day,tme,
7142,n̄ērē,point of 7006,loc,
7143,Bēgōrwa'ag,Bēgōrwa'ag,loc,
7144,lōo,sun,inm,
7145,lak-laka,general dancing,abs,
7146,lak-laka,actual dance 7138 do; is realisation of 7139,abs,
7147,raga,people in general,hum,
7148,ruwa,two people,hum,
7149,'ōsōm̄,ashes,mss,
7150,-gi,the realising of 7002 who 7001 is,abs,
7151,'ekē,white spot in 7001's face,loc,
7152,sē,older men,hum,
7153,sara,village square,loc,
7154,'e,many years 7004 lived,tme,
8001,Qo',"Qo', brother of 8002",hum,
8002,'isi,brothers of 8001,hum,
8003,dir,Qo' and his brothers,hum,
8004,Rev,Rev,loc,
8005,nik,you,hum,depicted reality
8006,skul,school,inm,
8007,so,name,inm,
8009,naka,canoes of 8003,inm,
8008,wōm̄ōm̄ō',bush,loc,
8010,Serewan,Serewan,loc,
8011,mē'ērsa,harbour of 8004,loc,
8012,Narwē,Narwē,loc,
8013,ge,one of the brothers,hum,
8015,nak,canoe of 8013,inm,
8017,naw,saltwater,inm,
8014,ge,another of the brothers,hum,
8016,ko,down to the sea,inm,
8018,naka,canoe,inm,
8019,nanara,nanara tree,inm,
8020,wōmarawraw,spider,anm,
8021,kōlōv,wood chip,inm,
8022,'ōnō,location of 8018,loc,
8023,menren,piece of wood chip,inm,
8024,im̄ē,house of 8001,loc,
8026,duru,8020 and 8001,hum,
8027,qōn̄,night,inm,
8028,wēde,rain,inm,
8029,gaga,vines,inm,
8030,wo'iw'iwēm,connecting woods,inm,
8031,sama,outrigger,inm,
8032,qaran̄,conjuring hole,loc,
8033,n̄ērē,shoreline,loc,
8034,'aklē,some of the brothers,hum,
8035,'aklē,some of the brothers,hum,
8036,ma'a,garden,loc,
8037,n̄ēn̄ērē,store / shore,loc,
8038,gunu,wife of 8001,hum,
8039,tēktēk,talk of brothers to Qo',inm,
8040,daraga,wild nutmeg trees,inm,
8041,daraga,the wildest nutmeg tree,inm,
8042,n̄ōl,top of 8041,inm,
8043,ga,vine to catch birds,inm,
8044,nes,song,inm,
8045,Lōkōno,Lōkōno,loc,
8046,dir,8002 and 8038,hum,
8047,Sisiol,Sisiol,loc,
8048,so,name,inm,
8049,Tatgan,Tatgan,loc,
8052,di,the plain,loc,
8054,dir,they,hum,
8055,mē'ērsa,harbour of 8049,loc,
8057,'irbē,body of 8040,bdp,
8058,bini,hands of 8001,bdp,
8059,ga,spider web,inm,
8060,qe'an,ground,loc,
8061,vēvē,mother,hum,
8063,dir,they (wife of 8001 and his brothers),hum,depicted reality
8064,wōwen̄,basket,inm,depicted reality
8065,va'al,banana,inm,depicted reality
8066,du,8061 and 8001,hum,depicted reality
8067,naw,waves,inm,depicted reality
8068,so,name of mother,inm,
8069,vin,banana skins,inm,
8070,vin,another piece of banana skin,inm,
8071,vin,another piece of banana skin,inm,
8072,mē'ērsa,harbour of 8045,loc,
8074,dir,"8001, 8002, and 8038",hum,
8073,nērē,shoreline,loc,
8075,so,name of the place where brothers are trapped,inm,
8076,'ekē,place where brothers are trapped,loc,
8077,Tumeren,"Tumeren, husband of 8078",hum,
8078,gunu,wife of Tumeren (8077),hum,
8079,qō,pigs,anm,
8080,gamal,men's house,loc,
8081,Vunu Lava,Vanua Lava,loc,depicted reality
8082,wōlil,albino?,hum,
8083,so,name of W.,inm,
8085,bo,sleeping thing,inm,depicted reality
8086,qan̄ris,stone oven,loc,
8087,gamal,other men's house,loc,
8088,tēktēk,talking of Qo',inm,
8089,tēktēk,talking of Qo',inm,
8090,woruqruqō,struts of the roofing,loc,
8091,wio,bamboo,inm,
8092,lōlō,inside,loc,
8093,lōlō,inside the house,loc,
8094,qōn̄,two nights,inm,
8095,qōn̄,the third day,inm,
8096,dōdōmia,Qo's plan,inm,
8097,wōqa'ag,post,loc,
8098,dōdōmia,thoughts of the devil,inm,
8099,wō'il,tree,loc,
8100,qē,end of the house,loc,
8101,woqe'enge,two trees Qo' plants at the shore,inm,
8102,varvara,a varvara tree,inm,
8103,ner,seaoak,inm,
8104,m̄ōm̄ōglēge,Tomeren's things,inm,
8105,'ibiē,platter,inm,
8106,qō,a pig,anm,
8107,'ibiē,another platter,inm,
8108,qēqē,last fight,inm,
8109,tēktēk,speaking of 8077,inm,
8110,qan̄,side of the seaoak,inm,
8111,magala,ants,anm,
8112,qe'an,ground,loc,
8113,magala,fire ants,anm,
8114,'isi,first brothers,hum,
8115,qe'an,ground,inm,
8116,n̄ōl,top of the seaoak,inm,
8025,qēsēkēr,club,inm,
8117,gidē,we,hum,
8118,duru,8001 and 8077,hum,
8119,-maduō,8001 and 8038,hum,
9001,ruwa,a couple,hum,
9002,ren̄e,the woman,hum,
9003,'am̄an,the man,hum,
9004,vul,the ninth month,tme,
9005,tētē,infant the woman gives birth to (Wedin̄gōr),hum,
9006,'e,two years,tme,
9007,ni'i,second child to be born (Bōar),hum,
9008,duruō,the two brothers,hum,
9009,so,name of 9005 (Wedin̄gōr),abs,
9010,so,name of 9007 (Bōar),abs,
9011,ren̄e,new good woman 9002 believes could come,hum,
9012,tēktēk,the speech of 9002,abs,
9013,ren̄e,the new woman 9003 marries,hum,
9014,dirē,"the new woman, the father and the two boys",hum,
9015,dir'ōl,the new woman and the two brothers,hum,
9016,gamal,nagamal,loc,
9017,'ēqē',taro garden,loc,
9018,gengen,food the new woman makes for the two brothers,mss,
9019,'i-'in̄i,juices the new woman smears on brothers,mss,
9020,milin̄sal,hunger,abs,
9021,'uvu,tree in the bush the two brothers reach,loc,
9022,wēwē,fruit in the tree,inm,
9023,qe'an,ground under the tree,loc,
9024,nes,song the firstborn wants to sing from the tree to call his mother,abs,
9025,lan̄,wind,inm,
9026,Wērēsurō,Wērēsurō,loc,
9027,vuvulu,dead friends of 9002,anm,
9028,men,birds,anm,
9029,neln̄o,voice of the birds,inm,
9030,neln̄o-n,voice of 9005,inm,
9031,so,names of 9005 and 9007,abs,
9032,gidē,we (the mother and her two boys),hum,
9033,gengen,food 9002 gives to 9008,mss,
9034,bē,water 9002 gives to 9008,mss,
9035,kamak,we (the mother and her dead friends),hum,
9036,din,room of 9008,loc,
9037,sava,something that could happen at night according to 9002,abs,
9038,din,room of new mother and father,loc,
9039,vō-wal,one spirit of the dead (after another),anm,
9040,mē'ēm̄ē,door of 9038,loc,
9041,'irbē,body of 9013,bdp,
9042,dara,blood of 9013,bdp,
9043,nim̄,house,loc,
9044,mē'ēm̄ē,door of the house,loc,
9045,qi'i,head of 9013,bdp,
9046,m̄ōm̄ōlēge,everything happening at night,abs,
9047,vili-ge,hair of 9013,bdp,
9048,vin'i-ge,skin of 9013,bdp,
9049,gunu,new third spouse 9003 is not allowed to take,hum,
10001,ruwa,a married couple,hum,
10002,ren̄e,woman,hum,
10003,ni'i,child of 10001,hum,
10004,ni'i,child of 10001,hum,
10005,zero,the two children,hum,
10006,maru,uncle of 10005,hum,
10007,ni'i,child of uncle,hum,depicted reality
10008,'ama',devil,hum,depicted reality
10009,they,unclear,hum,
10010,lavet,feast,inm,
10011,'ama,"father of 10003, 10004, 10005",hum,
10012,vunu,village,loc,depicted reality
10013,tēktēk,talk of uncle,inm,depicted reality
10014,lak-laka,dances,inm,
10015,wōm̄ōm̄o,bush,loc,
10016,lumgav,young man,hum,
10017,vava viē,underneath a taro tree,loc,
10018,ge,one,hum,
10019,ge,one,hum,
10020,lak-laka,dance,inm,
10021,vono,home,loc,depicted reality
10022,dōl,"the three of them (10016, 10003, 10004)",hum,depicted reality
10023,m̄ōglēge,stuff of 10003 and 10004,inm,
10024,lo,seaside,loc,
10025,nak,canoe,inm,
10026,kumruō,"the two of them (10016, 10003)",hum,depicted reality
10027,qi'i,bow of the canoe,loc,
10028,vene,middle of the canoe,loc,
10029,n̄ērsi-gi,point,loc,
10030,n̄ērsi-gi,ten points,loc,
10031,kolo,back of the devil,bdp,depicted reality
10032,lie,cave,loc,
10033,lie,another cave,loc,
10034,lie,cave,loc,
10035,san̄wul,the tenth cave,loc,
10036,'ōnō,sleeping place,loc,
10037,dōdōmia,thought,inm,
10038,deln̄o,ears of the devil,bdp,
10039,m̄ōglēge,things of the sisters,inm,depicted reality
10040,m̄ōglēge,stuff of one of the sisters,inm,
10041,lie,cave,inm,
10042,'uwō,horn,inm,
10043,dudu,panundas leaves,inm,
10044,n̄ērsi-gi,point,loc,
10045,rer,current,inm,
10046,dudu,one of the panundas leaves,inm,
10047,'an̄do-gi,throat of the devil,bdp,
10048,n̄ērsi-gi,point,loc,
10049,dudu,leaf,inm,
10050,dudu,leaf,inm,
10051,n̄ērsi-gi,points,loc,
10052,qēqē,last leaf,inm,
10053,n̄ērē'iē,shore,loc,
10054,nim̄ē,house of 10001,loc,
10055,mē'ēm̄ē,door of the house,loc,
